Workbook

Sheet Лист3
A1: ВЫВОД ИТОГОВ
A3: Регрессионная статистика
A4: Множественный R | B4: 0.90024041
A5: R-квадрат | B5: 0.8104328
A6: Нормированный R-квадрат | B6: 0.80140579
A7: Стандартная ошибка | B7: 0.44563911
A8: Наблюдения | B8: 111
A10: Дисперсионный анализ
B11: df | D11: SS | E11: MS | F11: F | G11: Значимость F
A12: Регрессия | B12: 5 | D12: 89.147608 | E12: 17.829522 | F12: 89.778655 | G12: 2.6327431e-36
A13: Остаток | B13: 105 | D13: 20.852392 | E13: 0.19859421
A14: Итого | B14: 110 | D14: 110
B16: Коэффициенты | D16: Стандартная ошибка | E16: t-статистика | F16: P-Значение | G16: Нижние 95% | H16: Верхние 95% | I16: Нижние 95,0% | J16: Верхние 95,0%
A17: Y-пересечение | B17: -3.099914e-17 | D17: 0.042298192 | E17: -7.3287151e-16 | F17: 1 | G17: -0.083869502 | H17: 0.083869502 | I17: -0.083869502 | J17: 0.083869502
A18: Percentage of production norms performance | B18: 0.85610589 | C18: =Лист2!B18*_xlfn.STDEV.S(Лист1!D$3:D$113)/_xlfn.STDEV.S(Лист1!$C$3:$C$113) -> 0.85610589 | D18: 0.050161052 | E18: 17.067144 | F18: 4.705476e-32 | G18: 0.75664579 | H18: 0.95556599 | I18: 0.75664579 | J18: 0.95556599
A19: Work experience (years) | B19: -0.0098544778 | C19: =Лист2!B19*_xlfn.STDEV.S(Лист1!E$3:E$113)/_xlfn.STDEV.S(Лист1!$C$3:$C$113) -> -0.0098544778 | D19: 0.050197697 | E19: -0.19631335 | F19: 0.84474437 | G19: -0.10938724 | H19: 0.089678282 | I19: -0.10938724 | J19: 0.089678282
A20: Years of training | B20: 0.019625777 | C20: =Лист2!B20*_xlfn.STDEV.S(Лист1!F$3:F$113)/_xlfn.STDEV.S(Лист1!$C$3:$C$113) -> 0.019625777 | D20: 0.046976709 | E20: 0.41777675 | F20: 0.67696345 | G20: -0.073520359 | H20: 0.11277191 | I20: -0.073520359 | J20: 0.11277191
A21: Tariff category assigned after training | B21: 0.076079953 | C21: =Лист2!B21*_xlfn.STDEV.S(Лист1!G$3:G$113)/_xlfn.STDEV.S(Лист1!$C$3:$C$113) -> 0.076079953 | D21: 0.045937194 | E21: 1.6561733 | F21: 0.10067232 | G21: -0.015005018 | H21: 0.16716492 | I21: -0.015005018 | J21: 0.16716492
A22: Technical training at the factory(1=yes, 0=no) | B22: 0.056041799 | C22: =Лист2!B22*_xlfn.STDEV.S(Лист1!H$3:H$113)/_xlfn.STDEV.S(Лист1!$C$3:$C$113) -> 0.056041799 | D22: 0.045683768 | E22: 1.2267333 | F22: 0.22266653 | G22: -0.034540674 | H22: 0.14662427 | I22: -0.034540674 | J22: 0.14662427
A26: ВЫВОД ОСТАТКА | G26: ВЫВОД ВЕРОЯТНОСТИ
A28: Наблюдение | B28: Предсказанное Salary in tenge | D28: Остатки | E28: Стандартные остатки | G28: Персентиль | H28: Salary in tenge
A29: 1 | B29: 0.62496213 | D29: 0.033063753 | E29: 0.075939991 | G29: 0.45045045 | H29: -1.3681165
A30: 2 | B30: 0.67260943 | D30: -0.32629775 | E30: -0.74943243 | G30: 1.3513514 | H30: -1.2746022
A31: 3 | B31: 0.52865101 | D31: -0.11999649 | E31: -0.27560491 | G31: 2.2522523 | H31: -1.2434308
A32: 4 | B32: 0.35221652 | D32: -0.0059048444 | E32: -0.013562097 | G32: 3.1531532 | H32: -1.2434308
A33: 5 | B33: 0.28005131 | D33: -0.40131094 | E33: -0.92172083 | G33: 4.0540541 | H33: -1.2122594
A34: 6 | B34: 0.15370115 | D34: -0.74253209 | E34: -1.7054289 | G34: 4.954955 | H34: -1.2122594
A35: 7 | B35: 0.62024301 | D35: -0.42978844 | E35: -0.98712721 | G35: 5.8558559 | H35: -1.2122594
A36: 8 | B36: -0.85024533 | D36: -0.23732834 | E36: -0.54508973 | G36: 6.7567568 | H36: -1.1499165
A37: 9 | B37: -0.77477426 | D37: -0.12577089 | E37: -0.2888674 | G37: 7.6576577 | H37: -1.1187451
A38: 10 | B38: -0.8759153 | D38: 0.037712989 | E38: 0.086618239 | G38: 8.5585586 | H38: -1.0875737
A39: 11 | B39: -0.62130352 | D39: 0.03247258 | E39: 0.074582201 | G39: 9.4594595 | H39: -1.0875737
A40: 12 | B40: -0.50050459 | D40: -0.33769772 | E40: -0.77561558 | G40: 10.36036 | H40: -1.0252308
... A139: 111 | B139: -1.1758182 | D139: 0.025901688 | E139: 0.059490343 | G139: 99.54955 | H139: 3.1517395

Sheet Лист2
A1: ВЫВОД ИТОГОВ
A3: Регрессионная статистика
A4: Множественный R | B4: 0.90024041
A5: R-квадрат | B5: 0.8104328 | C5: =C12/C14 -> 0.8104328
A6: Нормированный R-квадрат | B6: 0.80140579
A7: Стандартная ошибка | B7: 7148.2001
A8: Наблюдения | B8: 111
A10: Дисперсионный анализ
B11: df | C11: SS | D11: MS | E11: F | F11: Значимость F
A12: Регрессия | B12: 5 | C12: 2.2936994e+10 | D12: 4.5873989e+09 | E12: 89.778655 | F12: 2.6327431e-36
A13: Остаток | B13: 105 | C13: 5.3651604e+09 | D13: 51096765
A14: Итого | B14: 110 | C14: 2.8302155e+10
C15: =Лист1!J114 -> 2.8302155e+10
B16: Коэффициенты | C16: Стандартная ошибка | D16: t-статистика | E16: P-Значение | F16: Нижние 95% | G16: Верхние 95% | H16: Нижние 95,0% | I16: Верхние 95,0%
A17: Y-пересечение | B17: 7588.0305 | C17: 5730.2887 | D17: 1.3241969 | E17: 0.18831298 | F17: -3774.0734 | G17: 18950.134 | H17: -3774.0734 | I17: 18950.134
A18: Percentage of production norms performance | B18: 453.59854 | C18: 26.577296 | D18: 17.067144 | E18: 4.705476e-32 | F18: 400.90067 | G18: 506.29641 | H18: 400.90067 | I18: 506.29641
A19: Work experience (years) | B19: -117.53999 | C19: 598.73663 | D19: -0.19631335 | E19: 0.84474437 | F19: -1304.7241 | G19: 1069.6441 | H19: -1304.7241 | I19: 1069.6441
A20: Years of training | B20: 192.64718 | C20: 461.1247 | D20: 0.41777675 | E20: 0.67696345 | F20: -721.67792 | G20: 1106.9723 | H20: -721.67792 | I20: 1106.9723
A21: Tariff category assigned after training | B21: 1890.0904 | C21: 1141.2396 | D21: 1.6561733 | E21: 0.10067232 | F21: -372.77679 | G21: 4152.9576 | H21: -372.77679 | I21: 4152.9576
A22: Technical training at the factory(1=yes, 0=no) | B22: 1747.761 | C22: 1424.7278 | D22: 1.2267333 | E22: 0.22266653 | F22: -1077.211 | G22: 4572.733 | H22: -1077.211 | I22: 4572.733
A26: ВЫВОД ОСТАТКА | F26: ВЫВОД ВЕРОЯТНОСТИ
A28: Наблюдение | B28: Предсказанное Salary in tenge | C28: Остатки | D28: Стандартные остатки | E28: RSS | F28: Персентиль | G28: Salary in tenge
A29: 1 | B29: 79469.646 | C29: 530.35364 | D29: 0.075939991 | E29: =(Лист1!C3-Лист3!B29)^2 -> 6.3999e+09 | F29: 0.45045045 | G29: 47500
A30: 2 | B30: 80233.925 | C30: -5233.925 | D30: -0.74943243 | E30: =(Лист1!C4-Лист3!B30)^2 -> 5.6248991e+09 | F30: 1.3513514 | G30: 49000
A31: 3 | B31: 77924.784 | C31: -1924.7838 | D31: -0.27560491 | E31: =(Лист1!C5-Лист3!B31)^2 -> 5.7759196e+09 | F31: 2.2522523 | G31: 49500
A32: 4 | B32: 75094.716 | C32: -94.715676 | D32: -0.013562097 | E32: =(Лист1!C6-Лист3!B32)^2 -> 5.6249472e+09 | F32: 3.1531532 | G32: 49500
A33: 5 | B33: 73937.162 | C33: -6437.1616 | D33: -0.92172083 | E33: =(Лист1!C7-Лист3!B33)^2 -> 4.5562122e+09 | F33: 4.0540541 | G33: 50000
A34: 6 | B34: 71910.463 | C34: -11910.463 | D34: -1.7054289 | E34: =(Лист1!C8-Лист3!B34)^2 -> 3.5999816e+09 | F34: 4.954955 | G34: 50000
A35: 7 | B35: 79393.95 | C35: -6893.9501 | D35: -0.98712721 | E35: =(Лист1!C9-Лист3!B35)^2 -> 5.2561601e+09 | F35: 5.8558559 | G35: 50000
A36: 8 | B36: 55806.826 | C36: -3806.8259 | D36: -0.54508973 | E36: =(Лист1!C10-Лист3!B36)^2 -> 2.7040884e+09 | F36: 6.7567568 | G36: 51000
A37: 9 | B37: 57017.407 | C37: -2017.4071 | D37: -0.2888674 | E37: =(Лист1!C11-Лист3!B37)^2 -> 3.0250852e+09 | F37: 7.6576577 | G37: 51500
A38: 10 | B38: 55395.071 | C38: 604.92894 | D38: 0.086618239 | E38: =(Лист1!C12-Лист3!B38)^2 -> 3.1360981e+09 | F38: 8.5585586 | G38: 52000
A39: 11 | B39: 59479.129 | C39: 520.87103 | D39: 0.074582201 | E39: =(Лист1!C13-Лист3!B39)^2 -> 3.6000746e+09 | F39: 9.4594595 | G39: 52000
A40: 12 | B40: 61416.784 | C40: -5416.7842 | D40: -0.77561558 | E40: =(Лист1!C14-Лист3!B40)^2 -> 3.1360561e+09 | F40: 10.36036 | G40: 53000
... A139: 111 | B139: 50584.528 | C139: 415.47174 | D139: 0.059490343 | E139: =(Лист1!C113-Лист3!B139)^2 -> 2.6011199e+09 | F139: 99.54955 | G139: 120000

Sheet Лист4
B1: Salary in tenge | C1: Percentage of production norms performance | D1: Work experience (years) | E1: Years of training | F1: Tariff category assigned after training | G1: Technical training at the factory(1=yes, 0=no)
A2: Salary in tenge | B2: 1
A3: Percentage of production norms performance | B3: 0.89418206 | C3: 1
A4: Work experience (years) | B4: 0.42762023 | C4: 0.47024672 | D4: 1
A5: Years of training | B5: 0.29448186 | C5: 0.28984551 | D5: 0.36974372 | E5: 1
A6: Tariff category assigned after training | B6: 0.33556343 | C6: 0.28155963 | D6: 0.21298344 | E6: 0.240795 | F6: 1
A7: Technical training at the factory(1=yes, 0=no) | B7: 0.31803328 | C7: 0.27837648 | D7: 0.20401627 | E7: 0.21486807 | F7: 0.28214079 | G7: 1

Sheet Лист1
B2: Worker serial number | C2: Salary in tenge | D2: Percentage of production norms performance | E2: Work experience (years) | F2: Years of training | G2: Tariff category assigned after training | H2: Technical training at the factory(1=yes, 0=no) | I2: Profession | K2: Salary in tenge | L2: Percentage of production norms performance | M2: Work experience (years) | N2: Years of training | O2: Tariff category assigned after training | P2: Technical training at the factory(1=yes, 0=no)
B3: 11 | C3: 80000 | D3: 134 | E3: 4 | F3: 11 | G3: 5 | H3: 0 | I3: Grinder | J3: =(C3-AVERAGE($C$3:$C$113))^2 -> 1.1140707e+08 | K3: =(C3-AVERAGE(C$3:C$113))/_xlfn.STDEV.S(C$3:C$113) -> 0.65802588 | L3: =(D3-AVERAGE(D$3:D$113))/_xlfn.STDEV.S(D$3:D$113) -> 0.66569265 | M3: =(E3-AVERAGE(E$3:E$113))/_xlfn.STDEV.S(E$3:E$113) -> 1.0517567 | N3: =(F3-AVERAGE(F$3:F$113))/_xlfn.STDEV.S(F$3:F$113) -> 0.31424926 | O3: =(G3-AVERAGE(G$3:G$113))/_xlfn.STDEV.S(G$3:G$113) -> 1.6046259 | P3: =(H3-AVERAGE(H$3:H$113))/_xlfn.STDEV.S(H$3:H$113) -> -1.1210205
B4: 12 | C4: 75000 | D4: 140 | E4: 5 | F4: 12 | G4: 3 | H4: 1 | I4: Turner | J4: =(C4-AVERAGE($C$3:$C$113))^2 -> 30857525 | K4: =(C4-AVERAGE(C$3:C$113))/_xlfn.STDEV.S(C$3:C$113) -> 0.34631168 | L4: =(D4-AVERAGE(D$3:D$113))/_xlfn.STDEV.S(D$3:D$113) -> 0.86388278 | M4: =(E4-AVERAGE(E$3:E$113))/_xlfn.STDEV.S(E$3:E$113) -> 1.7953555 | N4: =(F4-AVERAGE(F$3:F$113))/_xlfn.STDEV.S(F$3:F$113) -> 0.92620835 | O4: =(G4-AVERAGE(G$3:G$113))/_xlfn.STDEV.S(G$3:G$113) -> -1.4929998 | P4: =(H4-AVERAGE(H$3:H$113))/_xlfn.STDEV.S(H$3:H$113) -> 0.82324945
B5: 13 | C5: 76000 | D5: 139 | E5: 1 | F5: 9 | G5: 3 | H5: 0 | I5: Locksmith | J5: =(C5-AVERAGE($C$3:$C$113))^2 -> 42967434 | K5: =(C5-AVERAGE(C$3:C$113))/_xlfn.STDEV.S(C$3:C$113) -> 0.40865452 | L5: =(D5-AVERAGE(D$3:D$113))/_xlfn.STDEV.S(D$3:D$113) -> 0.83085109 | M5: =(E5-AVERAGE(E$3:E$113))/_xlfn.STDEV.S(E$3:E$113) -> -1.1790394 | N5: =(F5-AVERAGE(F$3:F$113))/_xlfn.STDEV.S(F$3:F$113) -> -0.90966892 | O5: =(G5-AVERAGE(G$3:G$113))/_xlfn.STDEV.S(G$3:G$113) -> -1.4929998 | P5: =(H5-AVERAGE(H$3:H$113))/_xlfn.STDEV.S(H$3:H$113) -> -1.1210205
B6: 14 | C6: 75000 | D6: 125 | E6: 2 | F6: 9 | G6: 4 | H6: 1 | I6: Turner | J6: =(C6-AVERAGE($C$3:$C$113))^2 -> 30857525 | K6: =(C6-AVERAGE(C$3:C$113))/_xlfn.STDEV.S(C$3:C$113) -> 0.34631168 | L6: =(D6-AVERAGE(D$3:D$113))/_xlfn.STDEV.S(D$3:D$113) -> 0.36840747 | M6: =(E6-AVERAGE(E$3:E$113))/_xlfn.STDEV.S(E$3:E$113) -> -0.43544069 | N6: =(F6-AVERAGE(F$3:F$113))/_xlfn.STDEV.S(F$3:F$113) -> -0.90966892 | O6: =(G6-AVERAGE(G$3:G$113))/_xlfn.STDEV.S(G$3:G$113) -> 0.055813075 | P6: =(H6-AVERAGE(H$3:H$113))/_xlfn.STDEV.S(H$3:H$113) -> 0.82324945
B7: 15 | C7: 67500 | D7: 128 | E7: 2 | F7: 5 | G7: 4 | H7: 0 | I7: Turner | J7: =(C7-AVERAGE($C$3:$C$113))^2 -> 3783200.2 | K7: =(C7-AVERAGE(C$3:C$113))/_xlfn.STDEV.S(C$3:C$113) -> -0.12125963 | L7: =(D7-AVERAGE(D$3:D$113))/_xlfn.STDEV.S(D$3:D$113) -> 0.46750253 | M7: =(E7-AVERAGE(E$3:E$113))/_xlfn.STDEV.S(E$3:E$113) -> -0.43544069 | N7: =(F7-AVERAGE(F$3:F$113))/_xlfn.STDEV.S(F$3:F$113) -> -3.3575053 | O7: =(G7-AVERAGE(G$3:G$113))/_xlfn.STDEV.S(G$3:G$113) -> 0.055813075 | P7: =(H7-AVERAGE(H$3:H$113))/_xlfn.STDEV.S(H$3:H$113) -> -1.1210205
B8: 16 | C8: 60000 | D8: 126 | E8: 2 | F8: 9 | G8: 3 | H8: 0 | I8: Turner | J8: =(C8-AVERAGE($C$3:$C$113))^2 -> 89208876 | K8: =(C8-AVERAGE(C$3:C$113))/_xlfn.STDEV.S(C$3:C$113) -> -0.58883094 | L8: =(D8-AVERAGE(D$3:D$113))/_xlfn.STDEV.S(D$3:D$113) -> 0.40143915 | M8: =(E8-AVERAGE(E$3:E$113))/_xlfn.STDEV.S(E$3:E$113) -> -0.43544069 | N8: =(F8-AVERAGE(F$3:F$113))/_xlfn.STDEV.S(F$3:F$113) -> -0.90966892 | O8: =(G8-AVERAGE(G$3:G$113))/_xlfn.STDEV.S(G$3:G$113) -> -1.4929998 | P8: =(H8-AVERAGE(H$3:H$113))/_xlfn.STDEV.S(H$3:H$113) -> -1.1210205
B9: 17 | C9: 72500 | D9: 138 | E9: 4 | F9: 11 | G9: 4 | H9: 0 | I9: Turner | J9: =(C9-AVERAGE($C$3:$C$113))^2 -> 9332749.8 | K9: =(C9-AVERAGE(C$3:C$113))/_xlfn.STDEV.S(C$3:C$113) -> 0.19045457 | L9: =(D9-AVERAGE(D$3:D$113))/_xlfn.STDEV.S(D$3:D$113) -> 0.7978194 | M9: =(E9-AVERAGE(E$3:E$113))/_xlfn.STDEV.S(E$3:E$113) -> 1.0517567 | N9: =(F9-AVERAGE(F$3:F$113))/_xlfn.STDEV.S(F$3:F$113) -> 0.31424926 | O9: =(G9-AVERAGE(G$3:G$113))/_xlfn.STDEV.S(G$3:G$113) -> 0.055813075 | P9: =(H9-AVERAGE(H$3:H$113))/_xlfn.STDEV.S(H$3:H$113) -> -1.1210205
B10: 18 | C10: 52000 | D10: 86 | E10: 4 | F10: 11 | G10: 4 | H10: 0 | I10: Turner | J10: =(C10-AVERAGE($C$3:$C$113))^2 -> 3.043296e+08 | K10: =(C10-AVERAGE(C$3:C$113))/_xlfn.STDEV.S(C$3:C$113) -> -1.0875737 | L10: =(D10-AVERAGE(D$3:D$113))/_xlfn.STDEV.S(D$3:D$113) -> -0.91982834 | M10: =(E10-AVERAGE(E$3:E$113))/_xlfn.STDEV.S(E$3:E$113) -> 1.0517567 | N10: =(F10-AVERAGE(F$3:F$113))/_xlfn.STDEV.S(F$3:F$113) -> 0.31424926 | O10: =(G10-AVERAGE(G$3:G$113))/_xlfn.STDEV.S(G$3:G$113) -> 0.055813075 | P10: =(H10-AVERAGE(H$3:H$113))/_xlfn.STDEV.S(H$3:H$113) -> -1.1210205
B11: 19 | C11: 55000 | D11: 89 | E11: 2 | F11: 9 | G11: 4 | H11: 0 | I11: Turner | J11: =(C11-AVERAGE($C$3:$C$113))^2 -> 2.0865933e+08 | K11: =(C11-AVERAGE(C$3:C$113))/_xlfn.STDEV.S(C$3:C$113) -> -0.90054515 | L11: =(D11-AVERAGE(D$3:D$113))/_xlfn.STDEV.S(D$3:D$113) -> -0.82073327 | M11: =(E11-AVERAGE(E$3:E$113))/_xlfn.STDEV.S(E$3:E$113) -> -0.43544069 | N11: =(F11-AVERAGE(F$3:F$113))/_xlfn.STDEV.S(F$3:F$113) -> -0.90966892 | O11: =(G11-AVERAGE(G$3:G$113))/_xlfn.STDEV.S(G$3:G$113) -> 0.055813075 | P11: =(H11-AVERAGE(H$3:H$113))/_xlfn.STDEV.S(H$3:H$113) -> -1.1210205
B12: 20 | C12: 56000 | D12: 89 | E12: 3 | F12: 11 | G12: 3 | H12: 0 | I12: Turner | J12: =(C12-AVERAGE($C$3:$C$113))^2 -> 1.8076924e+08 | K12: =(C12-AVERAGE(C$3:C$113))/_xlfn.STDEV.S(C$3:C$113) -> -0.83820231 | L12: =(D12-AVERAGE(D$3:D$113))/_xlfn.STDEV.S(D$3:D$113) -> -0.82073327 | M12: =(E12-AVERAGE(E$3:E$113))/_xlfn.STDEV.S(E$3:E$113) -> 0.30815803 | N12: =(F12-AVERAGE(F$3:F$113))/_xlfn.STDEV.S(F$3:F$113) -> 0.31424926 | O12: =(G12-AVERAGE(G$3:G$113))/_xlfn.STDEV.S(G$3:G$113) -> -1.4929998 | P12: =(H12-AVERAGE(H$3:H$113))/_xlfn.STDEV.S(H$3:H$113) -> -1.1210205
B13: 21 | C13: 60000 | D13: 95 | E13: 3 | F13: 9 | G13: 3 | H13: 1 | I13: Turner | J13: =(C13-AVERAGE($C$3:$C$113))^2 -> 89208876 | K13: =(C13-AVERAGE(C$3:C$113))/_xlfn.STDEV.S(C$3:C$113) -> -0.58883094 | L13: =(D13-AVERAGE(D$3:D$113))/_xlfn.STDEV.S(D$3:D$113) -> -0.62254315 | M13: =(E13-AVERAGE(E$3:E$113))/_xlfn.STDEV.S(E$3:E$113) -> 0.30815803 | N13: =(F13-AVERAGE(F$3:F$113))/_xlfn.STDEV.S(F$3:F$113) -> -0.90966892 | O13: =(G13-AVERAGE(G$3:G$113))/_xlfn.STDEV.S(G$3:G$113) -> -1.4929998 | P13: =(H13-AVERAGE(H$3:H$113))/_xlfn.STDEV.S(H$3:H$113) -> 0.82324945
B14: 22 | C14: 56000 | D14: 97 | E14: 2 | F14: 13 | G14: 4 | H14: 0 | I14: Turner | J14: =(C14-AVERAGE($C$3:$C$113))^2 -> 1.8076924e+08 | K14: =(C14-AVERAGE(C$3:C$113))/_xlfn.STDEV.S(C$3:C$113) -> -0.83820231 | L14: =(D14-AVERAGE(D$3:D$113))/_xlfn.STDEV.S(D$3:D$113) -> -0.55647978 | M14: =(E14-AVERAGE(E$3:E$113))/_xlfn.STDEV.S(E$3:E$113) -> -0.43544069 | N14: =(F14-AVERAGE(F$3:F$113))/_xlfn.STDEV.S(F$3:F$113) -> 1.5381674 | O14: =(G14-AVERAGE(G$3:G$113))/_xlfn.STDEV.S(G$3:G$113) -> 0.055813075 | P14: =(H14-AVERAGE(H$3:H$113))/_xlfn.STDEV.S(H$3:H$113) -> -1.1210205
... B113: 121 | C113: 51000 | D113: 80 | E113: 1 | F113: 6 | G113: 3 | H113: 0 | I113: Carpenter | J113: =(C113-AVERAGE($C$3:$C$113))^2 -> 3.4021969e+08 | K113: =(C113-AVERAGE(C$3:C$113))/_xlfn.STDEV.S(C$3:C$113) -> -1.1499165 | L113: =(D113-AVERAGE(D$3:D$113))/_xlfn.STDEV.S(D$3:D$113) -> -1.1180185 | M113: =(E113-AVERAGE(E$3:E$113))/_xlfn.STDEV.S(E$3:E$113) -> -1.1790394 | N113: =(F113-AVERAGE(F$3:F$113))/_xlfn.STDEV.S(F$3:F$113) -> -2.7455462 | O113: =(G113-AVERAGE(G$3:G$113))/_xlfn.STDEV.S(G$3:G$113) -> -1.4929998 | P113: =(H113-AVERAGE(H$3:H$113))/_xlfn.STDEV.S(H$3:H$113) -> -1.1210205
J114: =SUM(J3:J113) -> 2.8302155e+10
