Workbook

Sheet Лист1
G1: ЛФИ "Формирование Эффективной границы инвестиционного портфеля"
A2: Date | B2: NVIDIA | C2: Broadcom | D2: Tesla | E2: Eli Lilly | F2: Newmont | H2: NVIDIA | I2: Broadcom | J2: Tesla | K2: Eli Lilly | L2: Newmont | M2: S&P500 | O2: S&P500
A3: 45931 | B3: 187.24 | C3: 333.39 | D3: 459.46 | E3: 825.42 | F3: 85.95 | H3: =(B3/B4)-1 -> 0.0035373566 | I3: =(C3/C4)-1 -> 0.010548331 | J3: =(D3/D4)-1 -> 0.03314445 | K3: =(E3/E4)-1 -> 0.08180865 | L3: =(F3/F4)-1 -> 0.019452022 | M3: =(O3/O4)-1 -> 0.0033998858 | O3: 6711.2 | S3: NVIDIA | T3: Broadcom | U3: Tesla | V3: Eli Lilly | W3: Newmont
A4: 45930 | B4: 186.58 | C4: 329.91 | D4: 444.72 | E4: 763 | F4: 84.31 | H4: =(B4/B5)-1 -> 0.026010448 | I4: =(C4/C5)-1 -> 0.0061299177 | J4: =(D4/D5)-1 -> 0.0034069628 | K4: =(E4/E5)-1 -> 0.050226425 | L4: =(F4/F5)-1 -> -0.0027206056 | M4: =(O4/O5)-1 -> 0.0040908484 | O4: 6688.46 | R4: Доходность | S4: =AVERAGE(H3:H1257) -> 0.0026269608 | T4: =AVERAGE(I3:I1257) -> 0.0020866294 | U4: =AVERAGE(J3:J1257) -> 0.0016338755 | V4: =AVERAGE(K3:K1257) -> 0.0016014337 | W4: =AVERAGE(L3:L1257) -> 0.00048536718
A5: 45929 | B5: 181.85 | C5: 327.9 | D5: 443.21 | E5: 726.51 | F5: 84.54 | H5: =(B5/B6)-1 -> 0.020539873 | I5: =(C5/C6)-1 -> -0.01981885 | J5: =(D5/D6)-1 -> 0.0063805631 | K5: =(E5/E6)-1 -> 0.0027189665 | L5: =(F5/F6)-1 -> -0.0083284457 | M5: =(O5/O6)-1 -> 0.0026355796 | O5: 6661.21 | R5: Дисперсия | S5: =_xlfn.VAR.S(H3:H1257) -> 0.0010834813 | T5: =_xlfn.VAR.S(I3:I1257) -> 0.00067073165 | U5: =_xlfn.VAR.S(J3:J1257) -> 0.0014878497 | V5: =_xlfn.VAR.S(K3:K1257) -> 0.00042535032 | W5: =_xlfn.VAR.S(L3:L1257) -> 0.00047004489
A6: 45926 | B6: 178.19 | C6: 334.53 | D6: 440.4 | E6: 724.54 | F6: 85.25 | H6: =(B6/B7)-1 -> 0.0028138894 | I6: =(C6/C7)-1 -> -0.0046712288 | J6: =(D6/D7)-1 -> 0.040175725 | K6: =(E6/E7)-1 -> 0.013924068 | L6: =(F6/F7)-1 -> 0.01888371 | M6: =(O6/O7)-1 -> 0.0059018399 | O6: 6643.7 | R6: Стд, Отклонение | S6: =_xlfn.STDEV.S(H3:H1257) -> 0.032916277 | T6: =_xlfn.STDEV.S(I3:I1257) -> 0.025898487 | U6: =_xlfn.STDEV.S(J3:J1257) -> 0.038572654 | V6: =_xlfn.STDEV.S(K3:K1257) -> 0.020624023 | W6: =_xlfn.STDEV.S(L3:L1257) -> 0.021680519
A7: 45925 | B7: 177.69 | C7: 336.1 | D7: 423.39 | E7: 714.59 | F7: 83.67 | H7: =(B7/B8)-1 -> 0.0040684862 | I7: =(C7/C8)-1 -> -0.0094603755 | J7: =(D7/D8)-1 -> -0.043813094 | K7: =(E7/E8)-1 -> -0.036745973 | L7: =(F7/F8)-1 -> 0.0023960704 | M7: =(O7/O8)-1 -> -0.0050090615 | O7: 6604.72 | R7: Beta | S7: =SLOPE(H3:H1257,$M$3:$M$1257) -> 2.1246428 | T7: =SLOPE(I3:I1257,$M$3:$M$1257) -> 1.5747803 | U7: =SLOPE(J3:J1257,$M$3:$M$1257) -> 1.9955378 | V7: =SLOPE(K3:K1257,$M$3:$M$1257) -> 0.61144086 | W7: =SLOPE(L3:L1257,$M$3:$M$1257) -> 0.48803443
A8: 45924 | B8: 176.97 | C8: 339.31 | D8: 442.79 | E8: 741.85 | F8: 83.47 | H8: =(B8/B9)-1 -> -0.0081824805 | I8: =(C8/C9)-1 -> 0.0010916386 | J8: =(D8/D9)-1 -> 0.039779265 | K8: =(E8/E9)-1 -> -0.0068676538 | L8: =(F8/F9)-1 -> -0.01417267 | M8: =(O8/O9)-1 -> -0.0028466618 | O8: 6637.97
A9: 45923 | B9: 178.43 | C9: 338.94 | D9: 425.85 | E9: 746.98 | F9: 84.67 | H9: =(B9/B10)-1 -> -0.028211971 | I9: =(C9/C10)-1 -> 0.00044275215 | J9: =(D9/D10)-1 -> -0.019253357 | K9: =(E9/E10)-1 -> -0.010556991 | L9: =(F9/F10)-1 -> 0.011347348 | M9: =(O9/O10)-1 -> -0.0055021475 | O9: 6656.92
A10: 45922 | B10: 183.61 | C10: 338.79 | D10: 434.21 | E10: 754.95 | F10: 83.72 | H10: =(B10/B11)-1 -> 0.039282278 | I10: =(C10/C11)-1 -> -0.017829188 | J10: =(D10/D11)-1 -> 0.019104842 | K10: =(E10/E11)-1 -> 0.0039362226 | L10: =(F10/F11)-1 -> 0.024473813 | M10: =(O10/O11)-1 -> 0.0044100259 | O10: 6693.75
A11: 45919 | B11: 176.67 | C11: 344.94 | D11: 426.07 | E11: 751.99 | F11: 81.72 | H11: =(B11/B12)-1 -> 0.0024398547 | I11: =(C11/C12)-1 -> -0.0011872014 | J11: =(D11/D12)-1 -> 0.022118268 | K11: =(E11/E12)-1 -> -0.014339454 | L11: =(F11/F12)-1 -> 0.043411645 | M11: =(O11/O12)-1 -> 0.0048854336 | O11: 6664.36
A12: 45918 | B12: 176.24 | C12: 345.35 | D12: 416.85 | E12: 762.93 | F12: 78.32 | H12: =(B12/B13)-1 -> 0.034940396 | I12: =(C12/C13)-1 -> -0.0023687783 | J12: =(D12/D13)-1 -> -0.021157188 | K12: =(E12/E13)-1 -> 0.0036835804 | L12: =(F12/F13)-1 -> -0.0047019952 | M12: =(O12/O13)-1 -> 0.00478914 | O12: 6631.96 | S12: NVIDIA | T12: Broadcom | U12: Tesla | V12: Eli Lilly | W12: Newmont | X12: Вес | Y12: Доходность
A13: 45917 | B13: 170.29 | C13: 346.17 | D13: 425.86 | E13: 760.13 | F13: 78.69 | H13: =(B13/B14)-1 -> -0.026246569 | I13: =(C13/C14)-1 -> -0.038416667 | J13: =(D13/D14)-1 -> 0.010056449 | K13: =(E13/E14)-1 -> -0.0059891985 | L13: =(F13/F14)-1 -> -0.0041761579 | M13: =(O13/O14)-1 -> -0.00097021838 | O13: 6600.35 | R13: NVIDIA | S13: 0.001082618 | T13: 0.00055538712 | U13: 0.00058727137 | V13: 0.00012423128 | W13: 5.970192e-05 | X13: 0.0069816398 | Y13: =S4 -> 0.0026269608
A14: 45916 | B14: 174.88 | C14: 360 | D14: 421.62 | E14: 764.71 | F14: 79.02 | H14: =(B14/B15)-1 -> -0.016146273 | I14: =(C14/C15)-1 -> -0.011233486 | J14: =(D14/D15)-1 -> 0.028241147 | K14: =(E14/E15)-1 -> 0.022079953 | L14: =(F14/F15)-1 -> -0.0042842742 | M14: =(O14/O15)-1 -> -0.0012879273 | O14: 6606.76 | R14: Broadcom | S14: 0.00055538712 | T14: 0.0006701972 | U14: 0.00043123089 | V14: 8.9290493e-05 | W14: 8.8029276e-05 | X14: 0.14910329 | Y14: =T4 -> 0.0020866294
A15: 45915 | B15: 177.75 | C15: 364.09 | D15: 410.04 | E15: 748.19 | F15: 79.36 | H15: =(B15/B16)-1 -> -0.00039365651 | I15: =(C15/C16)-1 -> 0.011726457 | J15: =(D15/D16)-1 -> 0.035611456 | K15: =(E15/E16)-1 -> -0.0095315003 | L15: =(F15/F16)-1 -> 0.0013880126 | M15: =(O15/O16)-1 -> 0.0047066578 | O15: 6615.28 | R15: Tesla | S15: 0.00058727137 | T15: 0.00043123089 | U15: 0.0014866641 | V15: 6.3176661e-05 | W15: 3.6242153e-05 | X15: 0.061940678 | Y15: =U4 -> 0.0016338755
A16: 45912 | B16: 177.82 | C16: 359.87 | D16: 395.94 | E16: 755.39 | F16: 79.25 | H16: =(B16/B17)-1 -> 0.0036687927 | I16: =(C16/C17)-1 -> 0.00066735256 | J16: =(D16/D17)-1 -> 0.073560912 | K16: =(E16/E17)-1 -> -0.0011768128 | L16: =(F16/F17)-1 -> -0.0050219711 | M16: =(O16/O17)-1 -> -0.00048273465 | O16: 6584.29 | R16: Eli Lilly | S16: 0.00012423128 | T16: 8.9290493e-05 | U16: 6.3176661e-05 | V16: 0.0004250114 | W16: 2.151678e-05 | X16: 0.40867952 | Y16: =V4 -> 0.0016014337
A17: 45911 | B17: 177.17 | C17: 359.63 | D17: 368.81 | E17: 756.28 | F17: 79.65 | H17: =(B17/B18)-1 -> -0.0009022726 | I17: =(C17/C18)-1 -> -0.026896123 | J17: =(D17/D18)-1 -> 0.060438771 | K17: =(E17/E18)-1 -> 0.0021997827 | L17: =(F17/F18)-1 -> 0.015555272 | M17: =(O17/O18)-1 -> 0.0084858635 | O17: 6587.47 | R17: Newmont | S17: 5.970192e-05 | T17: 8.8029276e-05 | U17: 3.6242153e-05 | V17: 2.151678e-05 | W17: 0.00046967036 | X17: 0.37329487 | Y17: =W4 -> 0.00048536718
A18: 45910 | B18: 177.33 | C18: 369.57 | D18: 347.79 | E18: 754.62 | F18: 78.43 | H18: =(B18/B19)-1 -> 0.038475053 | I18: =(C18/C19)-1 -> 0.097721805 | J18: =(D18/D19)-1 -> 0.0023633167 | K18: =(E18/E19)-1 -> 0.0053423216 | L18: =(F18/F19)-1 -> 0.033061117 | M18: =(O18/O19)-1 -> 0.0029834429 | O18: 6532.04 | W18: Вес | X18: =SUM(X13:X17) -> 1
A19: 45909 | B19: 170.76 | C19: 336.67 | D19: 346.97 | E19: 750.61 | F19: 75.92 | H19: =(B19/B20)-1 -> 0.014556473 | I19: =(C19/C20)-1 -> -0.025980038 | J19: =(D19/D20)-1 -> 0.0016454965 | K19: =(E19/E20)-1 -> 0.016205459 | L19: =(F19/F20)-1 -> 0.0022442244 | M19: =(O19/O20)-1 -> 0.0026881596 | O19: 6512.61 | R19: Дисперсия | S19: {=MMULT(TRANSPOSE(X13:X17),(MMULT(S13:W17,X13:X17)))} -> 0.00019985985
A20: 45908 | B20: 168.31 | C20: 345.65 | D20: 346.4 | E20: 738.64 | F20: 75.75 | H20: =(B20/B21)-1 -> 0.0077236259 | I20: =(C20/C21)-1 -> 0.032129953 | J20: =(D20/D21)-1 -> -0.012655341 | K20: =(E20/E21)-1 -> 0.015717606 | L20: =(F20/F21)-1 -> -0.0055139819 | M20: =(O20/O21)-1 -> 0.002105994 | O20: 6495.15 | R20: Станд, Отклн, | S20: =SQRT(S19) -> 0.01413718 | V20: Beta (P) | W20: =X13*S7+X14*T7+X15*U7+X16*V7+X17*W7 -> 0.80530748
A21: 45905 | B21: 167.02 | C21: 334.89 | D21: 350.84 | E21: 727.21 | F21: 76.17 | H21: =(B21/B22)-1 -> -0.027030176 | I21: =(C21/C22)-1 -> 0.094054231 | J21: =(D21/D22)-1 -> 0.036363099 | K21: =(E21/E22)-1 -> -0.021133112 | L21: =(F21/F22)-1 -> 0.017227564 | M21: =(O21/O22)-1 -> -0.003165141 | O21: 6481.5 | R21: Доходность | S21: =SUMPRODUCT(X13:X17,Y13:Y17) -> 0.0012663254
A22: 45904 | B22: 171.66 | C22: 306.1 | D22: 338.53 | E22: 742.91 | F22: 74.88 | H22: =(B22/B23)-1 -> 0.0060954167 | I22: =(C22/C23)-1 -> 0.012268924 | J22: =(D22/D23)-1 -> 0.013289832 | K22: =(E22/E23)-1 -> 0.0068850548 | L22: =(F22/F23)-1 -> -0.0071599045 | M22: =(O22/O23)-1 -> 0.0083464376 | O22: 6502.08 | R22: Коэффициент Шарпа | S22: =(S21-S23)/S20 -> -1.5868564
A23: 45903 | B23: 170.62 | C23: 302.39 | D23: 334.09 | E23: 737.83 | F23: 75.42 | H23: =(B23/B24)-1 -> -0.00093687785 | I23: =(C23/C24)-1 -> 0.013914968 | J23: =(D23/D24)-1 -> 0.014361185 | K23: =(E23/E24)-1 -> 0.0035909085 | L23: =(F23/F24)-1 -> -0.0058001582 | M23: =(O23/O24)-1 -> 0.0051001163 | O23: 6448.26 | R23: Без рисковый T-Bill | S23: =S25/100 -> 0.0237
A24: 45902 | B24: 170.78 | C24: 298.24 | D24: 329.36 | E24: 735.19 | F24: 75.86 | H24: =(B24/B25)-1 -> -0.019520037 | I24: =(C24/C25)-1 -> 0.0028581997 | J24: =(D24/D25)-1 -> -0.013508252 | K24: =(E24/E25)-1 -> 0.0035627508 | L24: =(F24/F25)-1 -> 0.019623656 | M24: =(O24/O25)-1 -> -0.006922322 | O24: 6415.54
A25: 45898 | B25: 174.18 | C25: 297.39 | D25: 333.87 | E25: 732.58 | F25: 74.4 | H25: =(B25/B26)-1 -> -0.033246378 | I25: =(C25/C26)-1 -> -0.036481451 | J25: =(D25/D26)-1 -> -0.035002023 | K25: =(E25/E26)-1 -> 0.00084704082 | L25: =(F25/F26)-1 -> 0.019597095 | M25: =(O25/O26)-1 -> -0.0063981691 | O25: 6460.26 | S25: 2.37
A26: 45897 | B26: 180.17 | C26: 308.65 | D26: 345.98 | E26: 731.96 | F26: 72.97 | H26: =(B26/B27)-1 -> -0.0078744493 | I26: =(C26/C27)-1 -> 0.027976686 | J26: =(D26/D27)-1 -> -0.010354691 | K26: =(E26/E27)-1 -> -0.003010202 | L26: =(F26/F27)-1 -> 0.0080121564 | M26: =(O26/O27)-1 -> 0.0031567254 | O26: 6501.86
A27: 45896 | B27: 181.6 | C27: 300.25 | D27: 349.6 | E27: 734.17 | F27: 72.39 | H27: =(B27/B28)-1 -> -0.00093524784 | I27: =(C27/C28)-1 -> 0.0075165263 | J27: =(D27/D28)-1 -> -0.0058862001 | K27: =(E27/E28)-1 -> -0.0025270709 | L27: =(F27/F28)-1 -> -0.00055225735 | M27: =(O27/O28)-1 -> 0.0023909903 | O27: 6481.4
A28: 45895 | B28: 181.77 | C28: 298.01 | D28: 351.67 | E28: 736.03 | F28: 72.43 | H28: =(B28/B29)-1 -> 0.010900395 | I28: =(C28/C29)-1 -> 0.012847092 | J28: =(D28/D29)-1 -> 0.014627813 | K28: =(E28/E29)-1 -> 0.058533358 | L28: =(F28/F29)-1 -> 0.018706048 | M28: =(O28/O29)-1 -> 0.0041339769 | O28: 6465.94
A29: 45894 | B29: 179.81 | C29: 294.23 | D29: 346.6 | E29: 695.33 | F29: 71.1 | H29: =(B29/B30)-1 -> 0.010225294 | I29: =(C29/C30)-1 -> 0.00078231293 | J29: =(D29/D30)-1 -> 0.019381783 | K29: =(E29/E30)-1 -> -0.022973808 | L29: =(F29/F30)-1 -> 0.0046629928 | M29: =(O29/O30)-1 -> -0.0042663343 | O29: 6439.32
A30: 45891 | B30: 177.99 | C30: 294 | D30: 340.01 | E30: 711.68 | F30: 70.77 | H30: =(B30/B31)-1 -> 0.017201966 | I30: =(C30/C31)-1 -> 0.01519337 | J30: =(D30/D31)-1 -> 0.06216613 | K30: =(E30/E31)-1 -> 0.0026203826 | L30: =(F30/F31)-1 -> 0.009701812 | M30: =(O30/O31)-1 -> 0.015186408 | O30: 6466.91
A31: 45890 | B31: 174.98 | C31: 289.6 | D31: 320.11 | E31: 709.82 | F31: 70.09 | H31: =(B31/B32)-1 -> -0.0023945268 | I31: =(C31/C32)-1 -> -0.005392039 | J31: =(D31/D32)-1 -> -0.011701142 | K31: =(E31/E32)-1 -> 0.0062088909 | L31: =(F31/F32)-1 -> 0.015797101 | M31: =(O31/O32)-1 -> -0.0040042028 | O31: 6370.17
A32: 45889 | B32: 175.4 | C32: 291.17 | D32: 323.9 | E32: 705.44 | F32: 69 | H32: =(B32/B33)-1 -> -0.0013664313 | I32: =(C32/C33)-1 -> -0.012681835 | J32: =(D32/D33)-1 -> -0.016428289 | K32: =(E32/E33)-1 -> 0.0031711722 | L32: =(F32/F33)-1 -> 0.024042743 | M32: =(O32/O33)-1 -> -0.0024316176 | O32: 6395.78
A33: 45888 | B33: 175.64 | C33: 294.91 | D33: 329.31 | E33: 703.21 | F33: 67.38 | H33: =(B33/B34)-1 -> -0.034998077 | I33: =(C33/C34)-1 -> -0.035485348 | J33: =(D33/D34)-1 -> -0.01745435 | K33: =(E33/E34)-1 -> 0.0073920206 | L33: =(F33/F34)-1 -> -0.023478261 | M33: =(O33/O34)-1 -> -0.0058581363 | O33: 6411.37
A34: 45887 | B34: 182.01 | C34: 305.76 | D34: 335.16 | E34: 698.05 | F34: 69 | H34: =(B34/B35)-1 -> 0.008645054 | I34: =(C34/C35)-1 -> -0.0018933211 | J34: =(D34/D35)-1 -> 0.013915779 | K34: =(E34/E35)-1 -> -0.0045348887 | L34: =(F34/F35)-1 -> -0.0047598442 | M34: =(O34/O35)-1 -> -0.00010077832 | O34: 6449.15
A35: 45884 | B35: 180.45 | C35: 306.34 | D35: 330.56 | E35: 701.23 | F35: 69.33 | H35: =(B35/B36)-1 -> -0.0086254258 | I35: =(C35/C36)-1 -> -0.015711853 | J35: =(D35/D36)-1 -> -0.014959175 | K35: =(E35/E36)-1 -> 0.024545973 | L35: =(F35/F36)-1 -> 0.012412383 | M35: =(O35/O36)-1 -> -0.0028970989 | O35: 6449.8
A36: 45883 | B36: 182.02 | C36: 311.23 | D36: 335.58 | E36: 684.43 | F36: 68.48 | H36: =(B36/B37)-1 -> 0.0023679718 | I36: =(C36/C37)-1 -> 0.0069235498 | J36: =(D36/D37)-1 -> -0.011196888 | K36: =(E36/E37)-1 -> 0.036245817 | L36: =(F36/F37)-1 -> -0.0011668611 | M36: =(O36/O37)-1 -> 0.00030309685 | O36: 6468.54
A37: 45882 | B37: 181.59 | C37: 309.09 | D37: 339.38 | E37: 660.49 | F37: 68.56 | H37: =(B37/B38)-1 -> -0.0085717406 | I37: =(C37/C38)-1 -> -0.011955375 | J37: =(D37/D38)-1 -> -0.0042835348 | K37: =(E37/E38)-1 -> 0.032935583 | L37: =(F37/F38)-1 -> -0.0053677644 | M37: =(O37/O38)-1 -> 0.0032300303 | O37: 6466.58
... A1257: 44106 | B1257: 13.06 | C1257: 35.68 | D1257: 138.36 | E1257: 145.21 | F1257: 62.29 | H1257: =(B1257/B1258)-1 -> -0.040411462 | I1257: =(C1257/C1258)-1 -> -0.032013022 | J1257: =(D1257/D1258)-1 -> -0.07383359 | K1257: =(E1257/E1258)-1 -> 0.0063760482 | L1257: =(F1257/F1258)-1 -> -0.0085946204 | M1257: =(O1257/O1258)-1 -> -0.0095835305 | O1257: 3348.4
A1258: 44105 | B1258: 13.61 | C1258: 36.86 | D1258: 149.39 | E1258: 144.29 | F1258: 62.83 | O1258: 3380.8

Sheet Лист3
B1: NVIDIA | C1: Broadcom | D1: Tesla | E1: Eli Lilly | F1: Newmont
A2: NVIDIA | B2: =VARP(Лист1!$H$3:$H$1257) -> 0.001082618 | C2: =B3 -> 0.00055538712 | D2: =B4 -> 0.00058727137 | E2: =B5 -> 0.00012423128 | F2: =B6 -> 5.970192e-05
A3: Broadcom | B3: 0.00055538712 | C3: =VARP(Лист1!$I$3:$I$1257) -> 0.0006701972 | D3: =C4 -> 0.00043123089 | E3: =C5 -> 8.9290493e-05 | F3: =C6 -> 8.8029276e-05
A4: Tesla | B4: 0.00058727137 | C4: 0.00043123089 | D4: =VARP(Лист1!$J$3:$J$1257) -> 0.0014866641 | E4: =D5 -> 6.3176661e-05 | F4: =D6 -> 3.6242153e-05
A5: Eli Lilly | B5: 0.00012423128 | C5: 8.9290493e-05 | D5: 6.3176661e-05 | E5: =VARP(Лист1!$K$3:$K$1257) -> 0.0004250114 | F5: =E6 -> 2.151678e-05
A6: Newmont | B6: 5.970192e-05 | C6: 8.8029276e-05 | D6: 3.6242153e-05 | E6: 2.151678e-05 | F6: =VARP(Лист1!$L$3:$L$1257) -> 0.00046967036
